epoch,time,train/box_loss,train/cls_loss,train/dfl_loss,metrics/precision(B),metrics/recall(B),metrics/mAP50(B),metrics/mAP50-95(B),val/box_loss,val/cls_loss,val/dfl_loss,lr/pg0,lr/pg1,lr/pg2
1,10.6899,4.80057,4.13037,4.23784,0,0,0,0,4.74324,4.35618,4.21542,0.00329365,0.00329365,0.00329365
2,18.1232,4.67835,3.60977,4.08408,0.01233,0.01922,0.00629,0.00159,4.41233,3.76032,4.02695,0.00662698,0.00662698,0.00662698
3,26.6178,4.56334,3.52097,3.91082,0.02233,0.03481,0.01191,0.00368,3.97604,3.10931,3.94279,0.0099603,0.0099603,0.0099603
4,35.5764,4.27956,2.99536,3.7893,0.04467,0.06961,0.02482,0.00569,3.65102,2.9044,3.72372,0.00999997,0.00999997,0.00999997
5,46.1601,4.02638,2.93315,3.47666,0.04126,0.05091,0.01976,0.00375,3.43048,5.67401,3.83775,0.00999996,0.00999996,0.00999996
6,55.8559,3.7808,2.75706,3.43969,0.07567,0.11792,0.04371,0.00971,3.54784,2.82206,3.54726,0.00999995,0.00999995,0.00999995
7,66.209,3.6749,2.96163,3.26008,0.00767,0.01195,0.00388,0.00057,3.60286,14.8654,4.40864,0.00999994,0.00999994,0.00999994
8,74.8535,3.43243,2.69443,3.21871,0.07067,0.11013,0.04799,0.01178,3.64453,2.94193,3.43524,0.00999993,0.00999993,0.00999993
9,84.6958,3.36706,2.57975,3.0435,0.00133,0.00208,0.00067,0.00015,3.81353,34.9265,5.17719,0.00999992,0.00999992,0.00999992
10,92.9879,3.27269,2.62132,2.95401,0.11267,0.17558,0.08032,0.0213,3.32492,2.88676,3.26694,0.00999991,0.00999991,0.00999991
11,103.001,3.20837,2.52508,2.89332,0.14033,0.2187,0.1124,0.03847,3.15838,2.70468,3.06187,0.0099999,0.0099999,0.0099999
12,113.079,3.11914,2.45436,2.90311,0.12703,0.16727,0.09037,0.02639,3.31022,3.02706,3.35021,0.00999989,0.00999989,0.00999989
13,122.913,3.11412,2.37886,2.91651,0.14467,0.22545,0.12572,0.04505,3.16561,2.48887,3.07617,0.00999988,0.00999988,0.00999988
14,132.959,2.97511,2.29523,2.74611,0.20233,0.31532,0.19148,0.0755,2.88263,2.51634,3.0432,0.00999987,0.00999987,0.00999987
15,142.906,2.88222,2.4589,2.90994,0.23167,0.2561,0.18806,0.08035,2.83948,2.20826,3.00685,0.00999986,0.00999986,0.00999986
16,153.138,2.89358,2.34542,2.77982,0.203,0.31636,0.2062,0.08616,2.83861,2.4463,3.10807,0.00999985,0.00999985,0.00999985
17,161.845,2.78718,2.06302,2.68269,0.11933,0.18597,0.0809,0.02832,3.03277,2.56432,3.02761,0.00999984,0.00999984,0.00999984
18,170.923,2.90712,2.06793,2.73059,0.31903,0.30338,0.26887,0.13199,2.67527,2.10867,2.87117,0.00999983,0.00999983,0.00999983
19,180.757,2.74018,2.00933,2.57876,0.26452,0.36675,0.27585,0.12911,2.71505,2.11253,3.00924,0.00999982,0.00999982,0.00999982
20,189.057,2.64166,2.06878,2.70539,0.25367,0.39532,0.25723,0.11496,2.5887,2.47617,2.83601,0.00999981,0.00999981,0.00999981
21,198.951,2.58922,2.10047,2.61664,0.29532,0.41974,0.3031,0.16655,2.45934,2.0534,3.02343,0.0099998,0.0099998,0.0099998
22,207.492,2.46578,2.00379,2.70072,0.25883,0.38909,0.27269,0.13509,2.5519,2.17829,2.88057,0.00999979,0.00999979,0.00999979
23,215.573,2.34969,1.88981,2.64437,0.235,0.36623,0.2243,0.09912,2.49712,2.64917,2.92874,0.00999978,0.00999978,0.00999978
24,224.749,2.39202,1.99673,2.63288,0.32568,0.46793,0.35499,0.20221,2.33721,1.98621,2.83776,0.00999977,0.00999977,0.00999977
25,232.612,2.24851,1.95822,2.58491,0.33139,0.49091,0.38517,0.21847,2.24505,2.09052,2.81768,0.00999976,0.00999976,0.00999976
26,240.762,2.19171,1.85676,2.5452,0.35851,0.49039,0.37654,0.21916,2.2027,1.96685,2.88217,0.00999975,0.00999975,0.00999975
27,248.929,2.27092,1.79721,2.62158,0.29944,0.44623,0.32076,0.17369,2.36228,1.8127,2.82252,0.00999974,0.00999974,0.00999974
28,256.475,2.3371,1.77798,2.58303,0.38262,0.4562,0.39724,0.22424,2.21547,1.81982,2.76429,0.00999973,0.00999973,0.00999973
29,265.201,2.17223,1.79167,2.62493,0.35375,0.4871,0.35975,0.20511,2.20762,1.84163,2.82989,0.00999972,0.00999972,0.00999972
30,273.491,2.15651,1.6635,2.52599,0.36282,0.46234,0.3618,0.20763,2.22329,1.66501,2.77957,0.00999971,0.00999971,0.00999971
31,281.394,2.19511,1.63635,2.52471,0.40481,0.48156,0.40705,0.22245,2.19912,1.84346,2.7313,0.0099997,0.0099997,0.0099997
32,289.869,2.07118,1.61974,2.49279,0.46846,0.50545,0.44364,0.25316,2.0817,1.64751,2.76011,0.00999969,0.00999969,0.00999969
33,298.205,2.1757,2.85659,2.46831,0.44735,0.53558,0.46656,0.2667,2.04042,1.582,2.68754,0.00999968,0.00999968,0.00999968
34,306.078,2.07404,1.6684,2.62377,0.39799,0.47792,0.39335,0.22505,2.00721,1.69339,2.77678,0.00999967,0.00999967,0.00999967
35,313.639,1.92843,1.61264,2.5414,0.4128,0.62545,0.47673,0.28821,1.92509,1.72783,2.72764,0.00999966,0.00999966,0.00999966
36,322.2,1.99532,1.60347,2.61234,0.48194,0.5039,0.46151,0.27852,1.93593,1.6292,2.72923,0.00999965,0.00999965,0.00999965
37,330.595,1.9731,1.54259,2.50871,0.42101,0.58597,0.45653,0.25898,1.98099,1.59671,2.75015,0.00999964,0.00999964,0.00999964
38,338.289,1.93609,1.54432,2.55776,0.30488,0.45818,0.33651,0.19017,2.18072,2.1798,2.84879,0.00999963,0.00999963,0.00999963
39,345.777,1.86113,1.67235,2.57614,0.40519,0.61195,0.47341,0.292,1.85754,1.86338,2.75203,0.00999962,0.00999962,0.00999962
40,353.913,1.80222,1.51101,2.46382,0.46741,0.59117,0.47308,0.28887,1.84235,1.49297,2.70294,0.00999961,0.00999961,0.00999961
41,361.93,1.96863,1.4148,2.44683,0.5189,0.5974,0.54359,0.31935,1.89703,1.35936,2.60295,0.0099996,0.0099996,0.0099996
42,370.262,1.87625,1.56096,2.47028,0.50194,0.55792,0.50578,0.29934,1.89998,1.39876,2.70038,0.00999959,0.00999959,0.00999959
43,378.557,1.77991,1.5137,2.47857,0.50366,0.57455,0.50433,0.32729,1.68575,1.35656,2.73215,0.00999958,0.00999958,0.00999958
44,386.251,1.86956,1.35028,2.42411,0.50482,0.42685,0.43977,0.25802,1.95464,1.59372,2.67762,0.00999957,0.00999957,0.00999957
45,394.592,1.78147,1.32423,2.47274,0.54747,0.6,0.57248,0.36199,1.69795,1.31251,2.70038,0.00999956,0.00999956,0.00999956
46,403.142,1.82006,1.40974,2.56386,0.5107,0.59844,0.53873,0.34273,1.72105,1.32679,2.75727,0.00999955,0.00999955,0.00999955
47,410.876,1.7605,1.30083,2.48849,0.51524,0.47221,0.49141,0.31628,1.77204,1.40768,2.62955,0.00999954,0.00999954,0.00999954
48,419.202,1.76763,1.31887,2.41442,0.53167,0.58753,0.55251,0.34274,1.78123,1.29349,2.76316,0.00999953,0.00999953,0.00999953
49,427.384,1.76035,1.27766,2.41191,0.52453,0.62649,0.57001,0.36877,1.6816,1.22109,2.64917,0.00999952,0.00999952,0.00999952
50,435.559,1.76269,1.27495,2.4204,0.57764,0.60416,0.59623,0.38946,1.61167,1.19312,2.56131,0.00999951,0.00999951,0.00999951
51,443.343,1.70826,1.2788,2.49871,0.53051,0.56519,0.54129,0.33425,1.76972,1.28501,2.69816,0.00999951,0.00999951,0.00999951
52,451.297,1.65874,1.25516,2.47733,0.53806,0.62701,0.59216,0.38419,1.60857,1.21301,2.63385,0.0099995,0.0099995,0.0099995
53,459.165,1.6673,1.2528,2.40889,0.48421,0.54034,0.49619,0.31604,1.69803,1.37528,2.67648,0.00999949,0.00999949,0.00999949
54,467.143,1.61981,1.21468,2.42135,0.57183,0.60623,0.60347,0.38992,1.55243,1.16983,2.61665,0.00999948,0.00999948,0.00999948
55,474.927,1.59081,1.25732,2.44761,0.55133,0.62805,0.60087,0.38465,1.53898,1.20027,2.58425,0.00999947,0.00999947,0.00999947
56,482.448,1.61826,1.22933,2.44332,0.52452,0.55989,0.5324,0.35174,1.55755,1.21888,2.6533,0.00999946,0.00999946,0.00999946
57,490.281,1.60658,1.19992,2.42702,0.54342,0.67887,0.62083,0.41591,1.51334,1.14848,2.56651,0.00999945,0.00999945,0.00999945
58,498.278,1.6272,1.15775,2.40916,0.51767,0.70442,0.60381,0.39456,1.50125,1.12165,2.5979,0.00999944,0.00999944,0.00999944
59,506.368,1.63027,1.17943,2.36317,0.56518,0.72181,0.64879,0.43043,1.4641,1.09992,2.57084,0.00999943,0.00999943,0.00999943
60,514.267,1.53872,1.14545,2.39972,0.45599,0.58909,0.51575,0.3345,1.58785,1.2847,2.57858,0.00999942,0.00999942,0.00999942
61,522.707,1.55514,1.11409,2.39054,0.52368,0.68936,0.59668,0.39709,1.46822,1.09465,2.59481,0.00999941,0.00999941,0.00999941
62,530.393,1.50652,1.1274,2.4587,0.55178,0.67979,0.60783,0.40047,1.44379,1.0863,2.59133,0.0099994,0.0099994,0.0099994
63,538.336,1.54556,1.12711,2.44203,0.54803,0.60883,0.58676,0.3952,1.50453,1.12929,2.57232,0.00999939,0.00999939,0.00999939
64,546.129,1.48411,1.09066,2.397,0.56934,0.67377,0.61898,0.42524,1.41949,1.05992,2.56027,0.00999938,0.00999938,0.00999938
65,553.893,1.46853,1.10318,2.37179,0.52873,0.62857,0.57055,0.39789,1.38129,1.07254,2.55651,0.00999937,0.00999937,0.00999937
66,561.644,1.43794,1.08667,2.44879,0.58943,0.68935,0.65452,0.45593,1.36362,1.04001,2.5402,0.00999936,0.00999936,0.00999936
67,569.392,1.45547,1.06366,2.36598,0.56498,0.60416,0.59798,0.41886,1.40621,1.11575,2.5482,0.00999935,0.00999935,0.00999935
68,577.192,1.44478,1.04449,2.35606,0.53138,0.60468,0.56969,0.38459,1.42841,1.12482,2.55515,0.00999934,0.00999934,0.00999934
69,584.971,1.41952,1.03091,2.37274,0.573,0.71532,0.64947,0.44937,1.36253,1.05104,2.53531,0.00999933,0.00999933,0.00999933
70,592.592,1.40519,1.09812,2.48663,0.50829,0.56935,0.53425,0.37064,1.41605,1.31381,2.59016,0.00999932,0.00999932,0.00999932
71,599.922,1.35441,1.07454,2.33417,0.60024,0.66909,0.64367,0.45878,1.25546,1.09744,2.53922,0.00999931,0.00999931,0.00999931
72,607.718,1.35434,1.07586,2.41106,0.57442,0.65506,0.6249,0.44529,1.28719,1.07752,2.59656,0.0099993,0.0099993,0.0099993
73,615.92,1.33696,1.036,2.30998,0.56956,0.62826,0.6136,0.44163,1.31239,1.21972,2.54767,0.00999929,0.00999929,0.00999929
74,624.035,1.37336,1.00555,2.33957,0.59474,0.70909,0.66481,0.4714,1.30069,1.02952,2.56259,0.00999928,0.00999928,0.00999928
75,631.678,1.40208,1.01497,2.37199,0.568,0.69922,0.6264,0.44912,1.26037,1.0031,2.54476,0.00999927,0.00999927,0.00999927
76,639.612,1.41304,1.00565,2.3821,0.57784,0.70286,0.65756,0.46027,1.37339,1.01159,2.47319,0.00999926,0.00999926,0.00999926
77,647.387,1.3462,1.02859,2.31542,0.53162,0.69714,0.59862,0.42627,1.27346,0.99927,2.56092,0.00999925,0.00999925,0.00999925
78,654.898,1.3677,1.01822,2.28552,0.59318,0.71221,0.66726,0.48045,1.2413,1.01015,2.52715,0.00999924,0.00999924,0.00999924
79,663.054,1.29653,0.96998,2.3519,0.55348,0.63636,0.57826,0.40115,1.33535,1.04161,2.50623,0.00999923,0.00999923,0.00999923
80,671.27,1.32419,0.99592,2.35594,0.59743,0.72519,0.66033,0.47085,1.26896,0.98807,2.51513,0.00999922,0.00999922,0.00999922
81,679.455,1.37241,1.00261,2.34849,0.59776,0.73506,0.68,0.47991,1.23015,0.98049,2.51575,0.00999921,0.00999921,0.00999921
82,687.267,1.28686,0.97045,2.38602,0.568,0.65558,0.60867,0.42492,1.32536,1.04961,2.50314,0.0099992,0.0099992,0.0099992
83,695.582,1.35476,1.01626,2.3155,0.59402,0.69818,0.6651,0.4777,1.21727,0.97063,2.50724,0.00999919,0.00999919,0.00999919
84,703.385,1.25737,0.97224,2.44775,0.58941,0.7323,0.6721,0.4908,1.1862,0.9406,2.48059,0.00999918,0.00999918,0.00999918
85,711.183,1.33221,0.9422,2.35425,0.56663,0.6826,0.62733,0.43519,1.36843,0.99281,2.579,0.00999917,0.00999917,0.00999917
86,718.664,1.27017,0.97464,2.37924,0.6062,0.72369,0.67699,0.50742,1.12999,0.94348,2.47614,0.00999916,0.00999916,0.00999916
87,726.113,1.2602,0.95445,2.35828,0.60368,0.65281,0.64456,0.46811,1.22047,1.00993,2.45855,0.00999915,0.00999915,0.00999915
88,734.304,1.33655,0.95738,2.3016,0.60098,0.7174,0.67517,0.49059,1.20558,0.96056,2.53801,0.00999914,0.00999914,0.00999914
89,742.03,1.24861,0.93868,2.39713,0.59045,0.63636,0.61756,0.45869,1.20245,1.06602,2.47,0.00999913,0.00999913,0.00999913
90,750.328,1.26642,0.92499,2.31508,0.56976,0.68935,0.62947,0.45811,1.2272,0.94103,2.51301,0.00999912,0.00999912,0.00999912
91,758.06,1.25795,0.91046,2.31462,0.59784,0.65872,0.63586,0.44295,1.28032,0.96795,2.57216,0.00999911,0.00999911,0.00999911
92,765.679,1.23744,0.89021,2.35282,0.61285,0.71221,0.67265,0.49525,1.17206,0.92346,2.4375,0.0099991,0.0099991,0.0099991
93,773.563,1.25927,0.89467,2.32487,0.6014,0.68104,0.63884,0.46425,1.20148,0.9194,2.53123,0.00999909,0.00999909,0.00999909
94,781.262,1.25099,0.90993,2.30313,0.59322,0.68052,0.64659,0.46332,1.18167,0.95149,2.53266,0.00999908,0.00999908,0.00999908
95,788.769,1.22737,0.91214,2.32158,0.59444,0.72623,0.67681,0.49255,1.20474,0.91648,2.42152,0.00999907,0.00999907,0.00999907
96,796.712,1.19687,0.88948,2.28948,0.65157,0.68883,0.69982,0.50264,1.1421,0.95559,2.50932,0.00999906,0.00999906,0.00999906
97,804.013,1.21177,0.89116,2.30296,0.61014,0.71325,0.67464,0.47868,1.20142,0.93053,2.49964,0.00999905,0.00999905,0.00999905
98,811.647,1.25116,0.93206,2.31836,0.63008,0.68104,0.66839,0.49131,1.15862,0.93357,2.47104,0.00999904,0.00999904,0.00999904
99,819.285,1.22825,0.93787,2.33617,0.60495,0.72208,0.67095,0.47766,1.17797,0.90995,2.46333,0.00999903,0.00999903,0.00999903
100,826.856,1.16529,0.88,2.36985,0.59398,0.71896,0.65481,0.49066,1.14179,0.88475,2.46233,0.00999902,0.00999902,0.00999902
101,834.43,1.2001,0.90144,2.34315,0.59945,0.63896,0.64503,0.49231,1.10112,0.98897,2.47827,0.00999901,0.00999901,0.00999901
102,842.406,1.20769,0.89313,2.28203,0.5794,0.74854,0.65995,0.47949,1.1464,0.89182,2.48378,0.009999,0.009999,0.009999
103,849.865,1.16237,0.86256,2.23392,0.59497,0.7257,0.6621,0.48291,1.12643,0.88628,2.47256,0.00999899,0.00999899,0.00999899
104,856.944,1.13936,0.85732,2.25393,0.63329,0.71411,0.69155,0.51961,1.06894,0.86575,2.42322,0.00999898,0.00999898,0.00999898
105,864.211,1.15213,0.85228,2.28939,0.60191,0.71844,0.67076,0.50992,1.06879,0.87968,2.47875,0.00999897,0.00999897,0.00999897
106,871.539,1.14546,0.83571,2.24005,0.60356,0.70494,0.67218,0.49933,1.15541,0.93959,2.43029,0.00999896,0.00999896,0.00999896
107,879.354,1.11486,0.8509,2.30363,0.60007,0.65922,0.65773,0.48916,1.12807,0.9641,2.41088,0.00999895,0.00999895,0.00999895
108,887.646,1.14611,0.83209,2.23624,0.62696,0.73774,0.71562,0.52929,1.10465,0.85262,2.53094,0.00999894,0.00999894,0.00999894
109,895.33,1.12655,0.82137,2.29629,0.63838,0.7574,0.72035,0.53732,1.08098,0.83371,2.39179,0.00999893,0.00999893,0.00999893
110,903.307,1.11229,0.84018,2.29645,0.61396,0.69143,0.67023,0.50382,1.05134,0.88728,2.42175,0.00999892,0.00999892,0.00999892
111,911.135,1.15142,0.84997,2.2561,0.62617,0.74753,0.70187,0.52629,1.06812,0.85119,2.45933,0.00999891,0.00999891,0.00999891
112,919.032,1.17109,0.839,2.22267,0.65297,0.71257,0.71058,0.55336,0.99394,0.84006,2.42127,0.0099989,0.0099989,0.0099989
113,926.803,1.15239,0.86952,2.26434,0.67069,0.74442,0.74288,0.57241,1.01453,0.8344,2.41555,0.00999889,0.00999889,0.00999889
114,934.47,1.1503,0.83882,2.24876,0.58418,0.74587,0.66733,0.50227,1.04194,0.83663,2.41414,0.00999888,0.00999888,0.00999888
115,942.154,1.15783,0.82902,2.30217,0.6586,0.69247,0.71447,0.53749,1.08854,0.8755,2.41778,0.00999887,0.00999887,0.00999887
116,950.1,1.07939,0.80457,2.30209,0.66077,0.74857,0.74931,0.56887,1.06471,0.83874,2.3837,0.00999886,0.00999886,0.00999886
117,958.015,1.1435,0.80434,2.2324,0.6161,0.67844,0.6527,0.49146,1.09037,0.88779,2.47922,0.00999885,0.00999885,0.00999885
118,965.887,1.12369,0.80983,2.19497,0.65789,0.75169,0.74442,0.56315,1.05863,0.81978,2.35242,0.00999884,0.00999884,0.00999884
119,973.351,1.0927,0.83894,2.27919,0.66435,0.76571,0.75649,0.566,1.04595,0.82424,2.36567,0.00999883,0.00999883,0.00999883
120,981.131,1.12759,0.8302,2.24987,0.62054,0.7387,0.70011,0.53761,1.01613,0.84059,2.42013,0.00999882,0.00999882,0.00999882
121,989.146,1.10573,0.80073,2.2572,0.64349,0.74732,0.71697,0.52093,1.11554,0.86531,2.4138,0.00999881,0.00999881,0.00999881
122,996.774,1.06916,0.80674,2.23921,0.62856,0.7226,0.70582,0.54343,1.01591,0.82609,2.3858,0.0099988,0.0099988,0.0099988
123,1004.71,1.10392,0.83468,2.27351,0.62455,0.75013,0.71728,0.55504,0.98479,0.81478,2.37816,0.00999879,0.00999879,0.00999879
124,1012.48,1.0902,0.81924,2.26486,0.55044,0.6704,0.6115,0.43187,1.21861,0.97944,2.53269,0.00999878,0.00999878,0.00999878
125,1020.32,1.07296,0.79329,2.23743,0.67196,0.72312,0.73099,0.57171,0.96747,0.80565,2.37582,0.00999877,0.00999877,0.00999877
126,1028.35,1.05598,0.78323,2.27139,0.6661,0.72779,0.73152,0.57056,0.97257,0.7933,2.36902,0.00999876,0.00999876,0.00999876
127,1036.53,1.07756,0.77347,2.23032,0.6208,0.71694,0.68933,0.53419,1.02404,0.81573,2.43699,0.00999875,0.00999875,0.00999875
128,1044.41,1.06892,0.78991,2.23732,0.56032,0.72935,0.66503,0.5134,0.99741,0.90748,2.39534,0.00999874,0.00999874,0.00999874
129,1052.15,1.0611,0.77207,2.24853,0.65325,0.7387,0.73359,0.5704,1.00095,0.81702,2.36119,0.00999873,0.00999873,0.00999873
130,1060.41,1.08922,0.78693,2.18971,0.64945,0.75532,0.73298,0.56793,0.97356,0.7961,2.37448,0.00999872,0.00999872,0.00999872
131,1068.49,1.0724,0.79015,2.21764,0.58578,0.71921,0.67375,0.51247,1.05351,0.912,2.39802,0.00999871,0.00999871,0.00999871
132,1075.96,1.03793,0.77618,2.20269,0.63314,0.73506,0.70404,0.52889,1.04702,0.83376,2.40233,0.0099987,0.0099987,0.0099987
133,1083.69,1.09146,0.81265,2.19541,0.62353,0.7361,0.7039,0.54234,0.99613,0.81863,2.34108,0.00999869,0.00999869,0.00999869
134,1091.67,1.08457,0.81709,2.23983,0.62361,0.73074,0.69879,0.52226,1.02176,0.83892,2.41577,0.00999868,0.00999868,0.00999868
135,1099.74,1.04679,0.77994,2.18889,0.61964,0.74218,0.6915,0.5308,0.97811,0.82633,2.42127,0.00999867,0.00999867,0.00999867
136,1107.75,1.04278,0.80828,2.27128,0.60856,0.72523,0.68461,0.52845,0.98602,0.82566,2.34816,0.00999866,0.00999866,0.00999866
137,1115.6,1.02222,0.76671,2.23218,0.62549,0.74701,0.70923,0.55163,0.93873,0.8211,2.42927,0.00999865,0.00999865,0.00999865
138,1124.07,1.04299,0.77251,2.20669,0.61406,0.72901,0.68073,0.51829,1.00454,0.84066,2.35892,0.00999864,0.00999864,0.00999864
139,1132.14,1.0095,0.76366,2.24731,0.59798,0.74798,0.69157,0.54,0.98285,0.79766,2.35205,0.00999863,0.00999863,0.00999863
140,1140.25,1.06842,0.77763,2.16634,0.57264,0.6919,0.67655,0.51296,1.05469,0.85258,2.41576,0.00999862,0.00999862,0.00999862
141,1147.98,1.08382,0.76888,2.11116,0.62371,0.76,0.72458,0.57056,0.93922,0.78163,2.32652,0.00999861,0.00999861,0.00999861
142,1155.7,1.00796,0.76821,2.26145,0.59084,0.84018,0.7372,0.58077,0.94083,0.82307,2.32014,0.0099986,0.0099986,0.0099986
143,1164.61,1.05256,0.78111,2.19655,0.63783,0.69818,0.71394,0.55015,0.9734,0.83192,2.43219,0.00999859,0.00999859,0.00999859
144,1172.37,1.04708,0.7716,2.19061,0.65138,0.76156,0.75361,0.57891,0.96809,0.82132,2.33886,0.00999858,0.00999858,0.00999858
145,1180.31,1.02114,0.78451,2.23097,0.63116,0.74597,0.72826,0.55915,0.99085,0.84973,2.3478,0.00999857,0.00999857,0.00999857
146,1187.98,1.04789,0.76708,2.1581,0.62491,0.78857,0.73719,0.56682,0.97405,0.78507,2.37149,0.00999856,0.00999856,0.00999856
147,1196.11,1.03077,0.76228,2.19291,0.64976,0.73506,0.73653,0.56886,0.96806,0.81324,2.36238,0.00999855,0.00999855,0.00999855
148,1204.13,1.03798,0.79285,2.23249,0.6272,0.79169,0.74833,0.57727,0.93138,0.79639,2.35508,0.00999854,0.00999854,0.00999854
149,1212.12,1.0138,0.78771,2.20794,0.63269,0.7937,0.74739,0.58772,0.92701,0.76706,2.33872,0.00999853,0.00999853,0.00999853
150,1220.03,1.03293,0.76774,2.17192,0.58788,0.79636,0.70779,0.53828,0.96892,0.78327,2.38563,0.00999852,0.00999852,0.00999852
151,1227.37,1.0112,0.76034,2.23831,0.62747,0.77247,0.72678,0.56893,0.9483,0.77568,2.3523,0.00999851,0.00999851,0.00999851
152,1235.04,1.01331,0.76956,2.16645,0.64443,0.7852,0.74882,0.59231,0.91181,0.78021,2.31098,0.00999851,0.00999851,0.00999851
153,1243.44,1.00405,0.75171,2.1891,0.61669,0.73662,0.69664,0.54923,0.93119,0.79384,2.36226,0.0099985,0.0099985,0.0099985
154,1251.32,1.01093,0.74051,2.1516,0.65406,0.78182,0.73749,0.59055,0.92092,0.77092,2.30603,0.00999849,0.00999849,0.00999849
155,1259.19,1.00096,0.76096,2.25168,0.61156,0.72883,0.70617,0.56659,0.9095,0.83254,2.32316,0.00999848,0.00999848,0.00999848
156,1266.71,0.99109,0.74107,2.20791,0.58247,0.77974,0.69415,0.55004,0.92843,0.7709,2.36623,0.00999847,0.00999847,0.00999847
157,1274.57,1.02683,0.71651,2.18274,0.67887,0.74897,0.76879,0.61828,0.89818,0.76665,2.29958,0.00999846,0.00999846,0.00999846
158,1282.63,0.97986,0.74786,2.17951,0.66227,0.81506,0.78049,0.62309,0.90049,0.74209,2.28608,0.00999845,0.00999845,0.00999845
159,1290.95,1.02899,0.74818,2.14539,0.60392,0.75325,0.70353,0.53394,0.98154,0.81218,2.39698,0.00999844,0.00999844,0.00999844
160,1298.84,1.0159,0.74908,2.16734,0.64514,0.83205,0.77313,0.61486,0.92364,0.75324,2.28303,0.00999843,0.00999843,0.00999843
161,1306.33,0.95828,0.74629,2.23794,0.64152,0.78286,0.75595,0.59948,0.91778,0.77328,2.30186,0.00999842,0.00999842,0.00999842
162,1314.33,1.02944,0.74806,2.13544,0.59585,0.79957,0.73781,0.57152,0.96898,0.78191,2.32969,0.00999841,0.00999841,0.00999841
163,1322.07,0.97427,0.74373,2.15252,0.66255,0.75532,0.75562,0.59929,0.8639,0.7567,2.31806,0.0099984,0.0099984,0.0099984
164,1329.92,1.01407,0.75196,2.1424,0.63269,0.78442,0.75477,0.59952,0.87696,0.77015,2.32226,0.00999839,0.00999839,0.00999839
165,1338.22,0.95188,0.73765,2.1987,0.61697,0.77569,0.72864,0.58194,0.90657,0.75475,2.31191,0.00999838,0.00999838,0.00999838
166,1346.2,0.95366,0.73056,2.1815,0.61403,0.75948,0.73415,0.58845,0.88446,0.81293,2.31311,0.00999837,0.00999837,0.00999837
167,1353.98,0.96361,0.75049,2.17837,0.66247,0.78609,0.78231,0.63196,0.86957,0.74654,2.29692,0.00999836,0.00999836,0.00999836
168,1362.24,0.9554,0.7304,2.14855,0.65971,0.76468,0.75558,0.59277,0.93395,0.75223,2.31214,0.00999835,0.00999835,0.00999835
169,1370.31,0.98254,0.73274,2.14571,0.61846,0.72312,0.70656,0.56408,0.88836,0.8044,2.32088,0.00999834,0.00999834,0.00999834
170,1378.02,0.96452,0.71939,2.17238,0.67902,0.76935,0.77228,0.60361,0.9195,0.76794,2.32074,0.00999833,0.00999833,0.00999833
171,1385.75,0.97241,0.70938,2.13351,0.6894,0.76571,0.77386,0.60536,0.89155,0.73679,2.35029,0.00999832,0.00999832,0.00999832
172,1393.58,0.95638,0.70096,2.17182,0.62511,0.81338,0.74564,0.5978,0.89455,0.74162,2.28535,0.00999831,0.00999831,0.00999831
173,1401.41,0.95669,0.71226,2.20271,0.64809,0.78354,0.75396,0.60341,0.84468,0.75391,2.36339,0.0099983,0.0099983,0.0099983
174,1409.57,0.97599,0.71238,2.16549,0.65756,0.79584,0.7693,0.62432,0.86055,0.73003,2.34915,0.00999829,0.00999829,0.00999829
175,1417.6,0.95294,0.72119,2.18424,0.61911,0.81922,0.75285,0.61175,0.86281,0.78104,2.26995,0.00999828,0.00999828,0.00999828
176,1425.61,0.95254,0.72021,2.15999,0.6351,0.77394,0.74362,0.59161,0.90138,0.75179,2.366,0.00999827,0.00999827,0.00999827
177,1433.03,0.96164,0.72069,2.11257,0.58445,0.85506,0.74638,0.5876,0.91612,0.7323,2.35953,0.00999826,0.00999826,0.00999826
178,1441.26,0.95948,0.7152,2.14568,0.65894,0.85455,0.7896,0.63286,0.85586,0.69906,2.24091,0.00999825,0.00999825,0.00999825
179,1449.24,0.94186,0.70869,2.16354,0.62691,0.77974,0.7515,0.5925,0.90199,0.74923,2.33993,0.00999824,0.00999824,0.00999824
180,1456.92,0.96725,0.70694,2.17933,0.6159,0.79383,0.73973,0.60021,0.84148,0.75882,2.31357,0.00999823,0.00999823,0.00999823
181,1465.37,0.96618,0.74328,2.18189,0.62339,0.79624,0.74726,0.59287,0.90693,0.72953,2.26033,0.00999822,0.00999822,0.00999822
182,1473.36,0.96436,0.71407,2.12978,0.66952,0.8,0.78083,0.63161,0.83048,0.70039,2.3163,0.00999821,0.00999821,0.00999821
183,1480.8,0.97567,0.70483,2.15554,0.66134,0.80312,0.7784,0.62751,0.85562,0.71754,2.32703,0.0099982,0.0099982,0.0099982
184,1488.51,0.95841,0.68884,2.19395,0.6354,0.80663,0.74741,0.60276,0.87416,0.71205,2.25007,0.00999819,0.00999819,0.00999819
185,1496.07,0.94444,0.68996,2.16194,0.66723,0.80623,0.78472,0.62605,0.8792,0.71728,2.34973,0.00999818,0.00999818,0.00999818
186,1504.03,0.96467,0.69044,2.10539,0.66527,0.7626,0.76741,0.62844,0.8349,0.72184,2.25277,0.00999817,0.00999817,0.00999817
187,1512.66,0.94097,0.70311,2.17433,0.67407,0.83377,0.79865,0.64967,0.81451,0.6847,2.23876,0.00999816,0.00999816,0.00999816
188,1520.48,0.95054,0.68317,2.15373,0.67598,0.73351,0.74983,0.59354,0.90416,0.77936,2.365,0.00999815,0.00999815,0.00999815
189,1528.61,0.92333,0.67931,2.10155,0.69266,0.81954,0.80151,0.66035,0.77691,0.6827,2.25654,0.00999814,0.00999814,0.00999814
190,1536.86,0.96634,0.69327,2.15776,0.6697,0.8047,0.77603,0.64632,0.77482,0.68282,2.24607,0.00999813,0.00999813,0.00999813
191,1544.7,0.92355,0.68845,2.14628,0.63239,0.75604,0.74414,0.58084,0.94273,0.77978,2.32981,0.00999812,0.00999812,0.00999812
192,1552.25,0.91134,0.68632,2.19169,0.64476,0.75377,0.73985,0.61497,0.78546,0.73576,2.27877,0.00999811,0.00999811,0.00999811
193,1559.87,1.00433,0.70162,2.14482,0.63251,0.83241,0.77204,0.62246,0.85283,0.72347,2.26846,0.0099981,0.0099981,0.0099981
194,1567.63,0.94869,0.6852,2.15903,0.64873,0.71273,0.73655,0.59892,0.817,0.73867,2.29115,0.00999809,0.00999809,0.00999809
195,1575.48,0.94001,0.7014,2.06066,0.61071,0.8239,0.75261,0.60278,0.89506,0.73942,2.26928,0.00999808,0.00999808,0.00999808
196,1583.59,0.93255,0.70634,2.13256,0.58855,0.82597,0.73187,0.58151,0.91897,0.74657,2.2628,0.00999807,0.00999807,0.00999807
197,1591.27,0.98953,0.71561,2.06803,0.6573,0.79325,0.77868,0.62428,0.85154,0.71333,2.28479,0.00999806,0.00999806,0.00999806
198,1598.78,0.92061,0.68865,2.18293,0.62361,0.79429,0.74863,0.5954,0.87217,0.73679,2.26019,0.00999805,0.00999805,0.00999805
199,1606.51,0.91912,0.70174,2.11266,0.62815,0.82494,0.76618,0.61028,0.86431,0.72687,2.2891,0.00999804,0.00999804,0.00999804
200,1614.78,0.93221,0.69206,2.11308,0.64741,0.75068,0.74848,0.61033,0.83826,0.73526,2.27359,0.00999803,0.00999803,0.00999803
201,1623.04,0.91808,0.69685,2.165,0.64166,0.77022,0.74881,0.60514,0.85029,0.74209,2.2987,0.00999802,0.00999802,0.00999802
202,1630.96,0.94136,0.70036,2.13661,0.61456,0.8639,0.76542,0.62878,0.81602,0.72074,2.26529,0.00999801,0.00999801,0.00999801
203,1639.18,0.8964,0.69239,2.09208,0.65062,0.8213,0.76589,0.62922,0.80955,0.72295,2.26857,0.009998,0.009998,0.009998
204,1646.79,0.88907,0.68179,2.16024,0.64963,0.81506,0.7732,0.62577,0.8406,0.72524,2.29483,0.00999799,0.00999799,0.00999799
205,1654.4,0.90185,0.68159,2.10693,0.65909,0.7854,0.76921,0.62844,0.79337,0.70648,2.25204,0.00999798,0.00999798,0.00999798
206,1662.05,0.89622,0.68861,2.11291,0.65124,0.83065,0.78793,0.6406,0.77079,0.69927,2.25257,0.00999797,0.00999797,0.00999797
207,1670.09,0.94,0.70386,2.06749,0.6195,0.74234,0.7159,0.57468,0.87594,0.73929,2.27491,0.00999796,0.00999796,0.00999796
208,1677.61,0.94815,0.68394,2.11733,0.69391,0.77372,0.78064,0.63648,0.81304,0.69148,2.24708,0.00999795,0.00999795,0.00999795
209,1685.8,0.91547,0.66874,2.05054,0.69487,0.80416,0.79885,0.65348,0.79978,0.70111,2.25368,0.00999794,0.00999794,0.00999794
210,1693.79,0.89271,0.65814,2.10381,0.6574,0.7361,0.73764,0.60165,0.83227,0.69561,2.25404,0.00999793,0.00999793,0.00999793
211,1701.64,0.91162,0.6561,2.10131,0.68274,0.82279,0.80628,0.65774,0.78017,0.68557,2.2474,0.00999792,0.00999792,0.00999792
212,1709.17,0.869,0.6717,2.10427,0.6958,0.84519,0.82133,0.68017,0.76586,0.69421,2.22975,0.00999791,0.00999791,0.00999791
213,1716.88,0.89795,0.65157,2.05526,0.62203,0.83695,0.77508,0.63084,0.81251,0.68233,2.24645,0.0099979,0.0099979,0.0099979
214,1724.49,0.90283,0.65965,2.09244,0.66711,0.82026,0.79118,0.65376,0.78677,0.73454,2.23626,0.00999789,0.00999789,0.00999789
215,1732.54,0.86868,0.65205,2.12697,0.69131,0.86442,0.8125,0.66044,0.82937,0.69823,2.19063,0.00999788,0.00999788,0.00999788
216,1740.5,0.95992,0.66329,2.11994,0.65997,0.79896,0.77566,0.64,0.79221,0.6783,2.27117,0.00999787,0.00999787,0.00999787
217,1748.19,0.89995,0.65589,2.12004,0.66914,0.79221,0.77798,0.6243,0.87736,0.71457,2.20414,0.00999786,0.00999786,0.00999786
218,1755.95,0.88974,0.66083,2.0932,0.65652,0.80727,0.76833,0.63026,0.8104,0.68727,2.28976,0.00999785,0.00999785,0.00999785
219,1764.28,0.95975,0.68356,2.10661,0.68665,0.81403,0.78781,0.64311,0.79438,0.6771,2.2453,0.00999784,0.00999784,0.00999784
220,1772.18,0.92085,0.66936,2.128,0.64264,0.75576,0.73023,0.60159,0.85688,0.7235,2.25034,0.00999783,0.00999783,0.00999783
221,1780.3,0.89731,0.66476,2.0732,0.67059,0.82698,0.80282,0.66187,0.79182,0.67889,2.20008,0.00999782,0.00999782,0.00999782
222,1788.35,0.92668,0.67376,2.10829,0.66953,0.8388,0.7985,0.65379,0.83657,0.69034,2.19131,0.00999781,0.00999781,0.00999781
223,1796.07,0.92074,0.67486,2.08293,0.66644,0.73506,0.75101,0.61834,0.78826,0.70837,2.27405,0.0099978,0.0099978,0.0099978
224,1803.85,0.92595,0.66322,2.05891,0.67324,0.82649,0.79155,0.65231,0.82776,0.68139,2.17028,0.00999779,0.00999779,0.00999779
225,1810.78,0.86917,0.66947,2.12387,0.67866,0.83896,0.80874,0.67317,0.78954,0.67558,2.1967,0.00999778,0.00999778,0.00999778
226,1817.26,0.88922,0.65331,2.1185,0.70972,0.81669,0.80637,0.67241,0.78266,0.66777,2.26275,0.00999777,0.00999777,0.00999777
227,1824.51,0.89883,0.67413,2.08374,0.65464,0.82961,0.78833,0.65592,0.77308,0.69873,2.20274,0.00999776,0.00999776,0.00999776
228,1832.06,0.8623,0.62352,2.09575,0.65055,0.83532,0.78803,0.65067,0.825,0.65826,2.18648,0.00999775,0.00999775,0.00999775
229,1839.63,0.92773,0.65683,2.06673,0.7098,0.8161,0.82249,0.68444,0.75423,0.66141,2.25061,0.00999774,0.00999774,0.00999774
230,1847.7,0.88362,0.6308,2.11531,0.63672,0.8213,0.76811,0.63111,0.85227,0.70118,2.18739,0.00999773,0.00999773,0.00999773
231,1855.83,0.83167,0.64669,2.1187,0.67244,0.80729,0.77384,0.63713,0.84605,0.71912,2.18458,0.00999772,0.00999772,0.00999772
232,1863.98,0.94126,0.65892,2.07968,0.68549,0.83429,0.82551,0.6946,0.7301,0.65624,2.26797,0.00999771,0.00999771,0.00999771
233,1872.41,0.9025,0.64354,2.0554,0.67681,0.82597,0.80725,0.65922,0.84055,0.68524,2.18828,0.0099977,0.0099977,0.0099977
234,1880.27,0.8675,0.62948,2.1461,0.71181,0.83015,0.82682,0.68624,0.73513,0.63476,2.26131,0.00999769,0.00999769,0.00999769
235,1888.61,0.92802,0.64773,2.0575,0.67924,0.85195,0.81236,0.67644,0.7565,0.64729,2.22171,0.00999768,0.00999768,0.00999768
236,1896.2,0.88359,0.64601,2.08592,0.66413,0.78805,0.77482,0.64553,0.78333,0.68338,2.21175,0.00999767,0.00999767,0.00999767
237,1904.51,0.88594,0.64753,2.05145,0.65721,0.8239,0.78771,0.65243,0.7788,0.66834,2.21208,0.00999766,0.00999766,0.00999766
238,1913.28,0.87482,0.63409,2.07531,0.67228,0.79178,0.7832,0.65135,0.75959,0.66448,2.22253,0.00999765,0.00999765,0.00999765
239,1921.52,0.86529,0.64207,2.07711,0.61543,0.85766,0.77525,0.64752,0.7823,0.69066,2.19407,0.00999764,0.00999764,0.00999764
240,1929.05,0.88806,0.65402,2.07571,0.66793,0.78995,0.76885,0.63496,0.77392,0.68627,2.24357,0.00999763,0.00999763,0.00999763
241,1936.87,0.88719,0.6388,2.05867,0.68067,0.77955,0.79159,0.6574,0.7541,0.67832,2.22788,0.00999762,0.00999762,0.00999762
242,1944.73,0.85924,0.65341,2.1003,0.63195,0.85448,0.78045,0.6529,0.77327,0.69067,2.20161,0.00999761,0.00999761,0.00999761
243,1952.72,0.86821,0.64676,2.08969,0.68863,0.77091,0.77812,0.65311,0.74567,0.67521,2.21792,0.0099976,0.0099976,0.0099976
244,1960.59,0.88205,0.65952,2.05833,0.67178,0.84156,0.81269,0.67457,0.74002,0.66922,2.22053,0.00999759,0.00999759,0.00999759
245,1968.66,0.85908,0.65182,2.10987,0.65095,0.76416,0.76686,0.63565,0.80212,0.69586,2.20924,0.00999758,0.00999758,0.00999758
246,1976.89,0.90144,0.6559,2.09775,0.68263,0.83792,0.80471,0.65943,0.80714,0.68111,2.19217,0.00999757,0.00999757,0.00999757
247,1985.19,0.87385,0.66422,2.11498,0.67225,0.83896,0.79687,0.66171,0.77109,0.6667,2.19931,0.00999756,0.00999756,0.00999756
248,1993.86,0.88543,0.66674,2.06211,0.65526,0.82646,0.79192,0.65146,0.789,0.68865,2.22015,0.00999755,0.00999755,0.00999755
249,2001.91,0.88557,0.66161,2.0822,0.65015,0.85921,0.79281,0.66008,0.75804,0.66387,2.1962,0.00999754,0.00999754,0.00999754
250,2009.88,0.86144,0.64552,2.09788,0.65386,0.81455,0.77457,0.64018,0.79468,0.69403,2.23718,0.00999753,0.00999753,0.00999753
251,2018.19,0.87482,0.66456,2.03888,0.65231,0.81091,0.78133,0.64669,0.76467,0.69308,2.22806,0.00999753,0.00999753,0.00999753
252,2026.24,0.85187,0.67787,2.09608,0.67491,0.80831,0.77855,0.65447,0.74807,0.66308,2.21399,0.00999752,0.00999752,0.00999752
253,2033.74,0.87114,0.66067,2.10484,0.68298,0.83273,0.80678,0.67556,0.7755,0.69053,2.21544,0.00999751,0.00999751,0.00999751
254,2042.16,0.82628,0.62176,2.09767,0.70593,0.8455,0.81951,0.67814,0.78458,0.66785,2.20105,0.0099975,0.0099975,0.0099975
255,2050.39,0.86364,0.63528,2.06116,0.66559,0.80156,0.77979,0.65917,0.71917,0.64839,2.24096,0.00999749,0.00999749,0.00999749
256,2058.46,0.85687,0.64802,2.11591,0.69362,0.83896,0.81429,0.6741,0.787,0.66698,2.19722,0.00999748,0.00999748,0.00999748
257,2066.82,0.84179,0.63059,2.09982,0.67731,0.80208,0.80104,0.66134,0.78394,0.67485,2.20032,0.00999747,0.00999747,0.00999747
258,2074.99,0.86138,0.63303,2.07203,0.69712,0.74966,0.79593,0.6608,0.743,0.66916,2.22826,0.00999746,0.00999746,0.00999746
259,2083.17,0.84433,0.64273,2.07679,0.67575,0.76987,0.78206,0.65541,0.73872,0.66361,2.20749,0.00999745,0.00999745,0.00999745
260,2091.16,0.85116,0.62252,2.0445,0.63846,0.83115,0.78563,0.65088,0.76117,0.66113,2.19875,0.00999744,0.00999744,0.00999744
261,2099.27,0.85301,0.63493,2.07401,0.70626,0.83935,0.82334,0.69308,0.73357,0.63181,2.21985,0.00999743,0.00999743,0.00999743
262,2107.15,0.85136,0.62386,2.08021,0.63979,0.84518,0.79014,0.66131,0.76424,0.66597,2.19155,0.00999742,0.00999742,0.00999742
263,2115.26,0.8634,0.62983,2.08246,0.65672,0.79803,0.76703,0.64727,0.76054,0.67168,2.20206,0.00999741,0.00999741,0.00999741
264,2123.6,0.8497,0.61852,2.08384,0.70823,0.83429,0.81768,0.69151,0.74607,0.63521,2.20057,0.0099974,0.0099974,0.0099974
265,2132.01,0.86184,0.63012,2.06196,0.65514,0.82026,0.78131,0.655,0.78129,0.65205,2.16669,0.00999739,0.00999739,0.00999739
266,2139.83,0.85073,0.62329,2.08294,0.70828,0.82494,0.81253,0.68615,0.73952,0.62911,2.21875,0.00999738,0.00999738,0.00999738
267,2148.17,0.84801,0.60856,2.03595,0.70267,0.84519,0.81967,0.68599,0.75116,0.64483,2.2255,0.00999737,0.00999737,0.00999737
268,2156.12,0.85296,0.62587,2.05552,0.70498,0.85091,0.82675,0.69205,0.74171,0.62214,2.14923,0.00999736,0.00999736,0.00999736
269,2164.4,0.82721,0.62296,2.12034,0.70851,0.79169,0.7977,0.67144,0.73882,0.66047,2.24827,0.00999735,0.00999735,0.00999735
270,2172.65,0.86454,0.61403,2.09386,0.71092,0.78701,0.80147,0.67346,0.74861,0.65017,2.24238,0.00999734,0.00999734,0.00999734
271,2180.74,0.84424,0.62213,2.04905,0.71524,0.83896,0.83412,0.70041,0.71638,0.63493,2.16047,0.00999733,0.00999733,0.00999733
272,2188.63,0.84166,0.62083,2.09423,0.68725,0.84831,0.80988,0.67771,0.72378,0.64717,2.20975,0.00999732,0.00999732,0.00999732
273,2196.82,0.8728,0.62222,2.06196,0.65264,0.87941,0.81216,0.67961,0.73728,0.64362,2.19961,0.00999731,0.00999731,0.00999731
274,2205.24,0.82815,0.61511,2.067,0.69146,0.77506,0.78698,0.67059,0.74203,0.67887,2.18091,0.0099973,0.0099973,0.0099973
275,2213.15,0.84228,0.60488,2.09616,0.69743,0.83117,0.8183,0.69361,0.72636,0.62672,2.16697,0.00999729,0.00999729,0.00999729
276,2221.21,0.85145,0.60863,2.04483,0.6996,0.83013,0.8089,0.69046,0.72538,0.62357,2.18364,0.00999728,0.00999728,0.00999728
277,2229.4,0.83094,0.59103,2.03704,0.65796,0.85143,0.80384,0.67755,0.75769,0.62921,2.14151,0.00999727,0.00999727,0.00999727
278,2238.43,0.84941,0.6118,2.03643,0.69096,0.83896,0.82626,0.69911,0.72581,0.61605,2.1866,0.00999726,0.00999726,0.00999726
279,2246.78,0.87436,0.60699,2.02396,0.67902,0.82234,0.80525,0.681,0.72141,0.6583,2.20191,0.00999725,0.00999725,0.00999725
280,2254.8,0.81586,0.60766,2.10009,0.67829,0.85506,0.80252,0.68356,0.73406,0.63057,2.1431,0.00999724,0.00999724,0.00999724
281,2262.47,0.86884,0.65317,2.06817,0.70644,0.80364,0.8211,0.67525,0.77683,0.66655,2.20396,0.00999723,0.00999723,0.00999723
282,2270.79,0.82559,0.60064,2.01785,0.70231,0.82961,0.81972,0.68614,0.74151,0.62744,2.1444,0.00999722,0.00999722,0.00999722
283,2278.87,0.85184,0.62009,2.0956,0.71563,0.86234,0.82987,0.69186,0.7266,0.621,2.15613,0.00999721,0.00999721,0.00999721
284,2286.93,0.84539,0.62885,2.07977,0.72722,0.79772,0.81712,0.67748,0.76327,0.64891,2.20255,0.0099972,0.0099972,0.0099972
285,2294.74,0.83071,0.61877,2.06147,0.69123,0.82857,0.80694,0.67473,0.73189,0.6319,2.1588,0.00999719,0.00999719,0.00999719
286,2302.35,0.84012,0.63298,2.10582,0.6758,0.85761,0.81335,0.68643,0.71801,0.6276,2.16435,0.00999718,0.00999718,0.00999718
287,2310.34,0.81626,0.61134,2.08323,0.70334,0.8067,0.81085,0.68118,0.76478,0.62196,2.20457,0.00999717,0.00999717,0.00999717
288,2318.63,0.84598,0.60994,2.03454,0.68467,0.83128,0.80696,0.68208,0.72313,0.62084,2.15298,0.00999716,0.00999716,0.00999716
289,2326.86,0.82138,0.60502,2.08416,0.66479,0.86442,0.80123,0.67288,0.75504,0.63821,2.14579,0.00999715,0.00999715,0.00999715
290,2334.85,0.86834,0.60877,2.01996,0.69802,0.82972,0.81026,0.67522,0.76258,0.62841,2.19726,0.00999714,0.00999714,0.00999714
291,2342.65,0.84202,0.62235,2.06221,0.69072,0.85922,0.8099,0.68221,0.73138,0.61142,2.13876,0.00999713,0.00999713,0.00999713
292,2350.4,0.82002,0.61161,2.08729,0.71133,0.83117,0.81348,0.67835,0.74327,0.6194,2.13104,0.00999712,0.00999712,0.00999712
293,2358.35,0.8365,0.59083,2.04451,0.70903,0.82026,0.81302,0.67824,0.74334,0.62808,2.22018,0.00999711,0.00999711,0.00999711
294,2366.64,0.824,0.60158,2.03022,0.72239,0.83792,0.83264,0.70337,0.70941,0.62296,2.12838,0.0099971,0.0099971,0.0099971
295,2374.34,0.8122,0.61588,2.05845,0.72218,0.8521,0.84064,0.71054,0.70857,0.61034,2.12715,0.00999709,0.00999709,0.00999709
296,2382.29,0.84014,0.59128,2.01754,0.69703,0.81299,0.8009,0.67529,0.72944,0.6304,2.22468,0.00999708,0.00999708,0.00999708
297,2389.77,0.82807,0.5976,2.08554,0.73388,0.84831,0.84736,0.71315,0.70636,0.60093,2.1408,0.00999707,0.00999707,0.00999707
298,2397.9,0.83911,0.61722,2.10588,0.68987,0.82045,0.79885,0.68481,0.70623,0.61851,2.19074,0.00999706,0.00999706,0.00999706
299,2405.82,0.84348,0.61631,2.06961,0.72479,0.80519,0.81979,0.69901,0.70684,0.62879,2.18402,0.00999705,0.00999705,0.00999705
300,2412.84,0.82483,0.61079,2.03525,0.68207,0.8026,0.79752,0.67292,0.74079,0.6599,2.15196,0.00999704,0.00999704,0.00999704
301,2419.88,0.84821,0.60644,2.06681,0.71337,0.83131,0.83261,0.70375,0.72096,0.59929,2.17977,0.00999703,0.00999703,0.00999703
302,2426.87,0.84262,0.60133,2.00241,0.7429,0.79273,0.82586,0.69989,0.72838,0.60967,2.17683,0.00999702,0.00999702,0.00999702
303,2434.13,0.81312,0.58424,2.04376,0.68337,0.78145,0.78642,0.67401,0.73531,0.62861,2.1347,0.00999701,0.00999701,0.00999701
304,2441.04,0.79124,0.586,2.08709,0.68916,0.84883,0.83139,0.70506,0.69217,0.60283,2.17481,0.009997,0.009997,0.009997
305,2447.82,0.80359,0.59418,1.99219,0.69993,0.85304,0.83092,0.7085,0.68398,0.60468,2.15942,0.00999699,0.00999699,0.00999699
306,2454.66,0.83074,0.60376,2.01335,0.68714,0.84779,0.8245,0.70063,0.72748,0.61311,2.13443,0.00999698,0.00999698,0.00999698
307,2461.46,0.81249,0.6169,2.05183,0.69104,0.81818,0.81768,0.69588,0.69026,0.612,2.1635,0.00999697,0.00999697,0.00999697
308,2468.11,0.83097,0.6006,2.00395,0.69421,0.79688,0.80283,0.67616,0.71499,0.61532,2.17738,0.00999696,0.00999696,0.00999696
309,2475.28,0.81707,0.60669,2.00463,0.72743,0.86374,0.84396,0.71652,0.7258,0.59705,2.12184,0.00999695,0.00999695,0.00999695
310,2482.12,0.84554,0.61079,1.98797,0.6808,0.79013,0.7978,0.6776,0.72765,0.61989,2.17906,0.00999694,0.00999694,0.00999694
311,2488.8,0.82984,0.5826,2.05677,0.68122,0.78078,0.7855,0.67267,0.72758,0.61758,2.17193,0.00999693,0.00999693,0.00999693
312,2495.78,0.82057,0.61928,2.04274,0.75142,0.86701,0.86217,0.73421,0.69361,0.59191,2.12299,0.00999692,0.00999692,0.00999692
313,2503.08,0.82083,0.62073,2.02016,0.66519,0.78857,0.77046,0.66067,0.72396,0.63459,2.18011,0.00999691,0.00999691,0.00999691
314,2509.75,0.81386,0.60365,2.01434,0.74756,0.85247,0.86493,0.74253,0.66304,0.59459,2.11917,0.0099969,0.0099969,0.0099969
315,2516.35,0.79673,0.59051,2.04241,0.71169,0.9013,0.86038,0.73335,0.69807,0.58354,2.12495,0.00999689,0.00999689,0.00999689
316,2523.25,0.8311,0.59517,2.03904,0.67211,0.80156,0.79437,0.67215,0.72377,0.63748,2.19317,0.00999688,0.00999688,0.00999688
317,2530.07,0.81353,0.59579,2.09132,0.70871,0.8826,0.84855,0.71907,0.70862,0.60746,2.13123,0.00999687,0.00999687,0.00999687
318,2537.1,0.82025,0.6019,2.02024,0.6738,0.84447,0.81894,0.67394,0.74909,0.6255,2.15632,0.00999686,0.00999686,0.00999686
319,2543.94,0.84376,0.61374,2.02524,0.71683,0.86661,0.84739,0.71381,0.7317,0.60986,2.13327,0.00999685,0.00999685,0.00999685
320,2550.79,0.8391,0.63046,2.06573,0.67555,0.83825,0.81403,0.6831,0.73718,0.62229,2.17776,0.00999684,0.00999684,0.00999684
321,2557.77,0.81474,0.59371,2.0434,0.68437,0.83465,0.81526,0.6865,0.73381,0.62176,2.18825,0.00999683,0.00999683,0.00999683
322,2564.56,0.84736,0.61473,2.07302,0.69212,0.87702,0.83097,0.70805,0.69769,0.60265,2.16103,0.00999682,0.00999682,0.00999682
323,2571.31,0.81952,0.60474,2.02053,0.69043,0.85506,0.82279,0.69837,0.70126,0.61233,2.16773,0.00999681,0.00999681,0.00999681
324,2577.81,0.80519,0.59842,2.02159,0.71653,0.81937,0.82141,0.69531,0.70956,0.60835,2.17241,0.0099968,0.0099968,0.0099968
325,2584.48,0.82237,0.60359,2.07292,0.69634,0.83983,0.81562,0.6995,0.69437,0.60937,2.1601,0.00999679,0.00999679,0.00999679
326,2591.1,0.81073,0.58996,2.05559,0.72707,0.82892,0.83029,0.70497,0.71596,0.60161,2.17644,0.00999678,0.00999678,0.00999678
327,2597.61,0.80123,0.58671,2.05372,0.73531,0.81558,0.83221,0.70857,0.713,0.60724,2.16774,0.00999677,0.00999677,0.00999677
328,2604.5,0.81867,0.59599,2.00788,0.72967,0.82909,0.82454,0.70044,0.70054,0.60802,2.17763,0.00999676,0.00999676,0.00999676
329,2611.26,0.77936,0.59516,2.0635,0.71677,0.8026,0.81274,0.69629,0.70001,0.62253,2.15756,0.00999675,0.00999675,0.00999675
330,2618.35,0.79902,0.60339,2.01729,0.74777,0.8332,0.83697,0.70837,0.68405,0.59948,2.18787,0.00999674,0.00999674,0.00999674
331,2625.5,0.78218,0.61164,2.04711,0.72611,0.81455,0.82232,0.69673,0.71596,0.61561,2.17265,0.00999673,0.00999673,0.00999673
332,2632.5,0.80382,0.59604,2.02545,0.71489,0.83117,0.83203,0.70686,0.6865,0.5969,2.15555,0.00999672,0.00999672,0.00999672
333,2639.21,0.81336,0.60147,2.07794,0.73467,0.83792,0.83808,0.71421,0.69632,0.5992,2.17744,0.00999671,0.00999671,0.00999671
334,2645.99,0.79409,0.59666,2.03258,0.73074,0.85195,0.85088,0.72992,0.68058,0.59598,2.16351,0.0099967,0.0099967,0.0099967
335,2652.69,0.80485,0.59291,2.01835,0.70257,0.83013,0.81926,0.7072,0.67298,0.58282,2.14335,0.00999669,0.00999669,0.00999669
336,2659.89,0.80493,0.59286,2.01498,0.73975,0.84519,0.85399,0.73017,0.67939,0.57733,2.14933,0.00999668,0.00999668,0.00999668
337,2666.67,0.82052,0.6167,2.04232,0.66105,0.88987,0.83148,0.71181,0.68073,0.59468,2.1376,0.00999667,0.00999667,0.00999667
338,2673.45,0.79959,0.60337,1.99752,0.71262,0.82312,0.82071,0.69861,0.70147,0.60532,2.14483,0.00999666,0.00999666,0.00999666
339,2680.15,0.78591,0.57279,2.06094,0.75573,0.84215,0.8548,0.73368,0.68191,0.58212,2.14827,0.00999665,0.00999665,0.00999665
340,2686.74,0.81298,0.58854,2.03536,0.75446,0.85554,0.86472,0.7401,0.67808,0.57305,2.16098,0.00999664,0.00999664,0.00999664
341,2693.73,0.79866,0.58032,2.0428,0.71054,0.83907,0.82935,0.71584,0.67601,0.57028,2.13542,0.00999663,0.00999663,0.00999663
342,2700.37,0.7995,0.57081,2.01058,0.75783,0.8613,0.86425,0.74013,0.67179,0.57773,2.1695,0.00999662,0.00999662,0.00999662
343,2706.92,0.79425,0.56909,2.00805,0.73983,0.82871,0.84149,0.72635,0.67069,0.58553,2.17149,0.00999661,0.00999661,0.00999661
344,2713.91,0.78765,0.57888,2.05238,0.72503,0.82909,0.83943,0.72121,0.69601,0.5781,2.11826,0.0099966,0.0099966,0.0099966
345,2720.91,0.80214,0.57359,2.06712,0.73093,0.81564,0.82669,0.71481,0.67627,0.5841,2.17399,0.00999659,0.00999659,0.00999659
346,2728.06,0.82574,0.58615,1.99491,0.72197,0.84208,0.84518,0.72251,0.70772,0.57024,2.11204,0.00999658,0.00999658,0.00999658
347,2734.87,0.7775,0.58389,2.05972,0.7618,0.86391,0.86932,0.74093,0.69815,0.56623,2.11644,0.00999657,0.00999657,0.00999657
348,2741.42,0.81417,0.57478,2.01649,0.73362,0.8561,0.84511,0.72203,0.67885,0.55691,2.16455,0.00999656,0.00999656,0.00999656
349,2748.29,0.81877,0.59179,1.97451,0.77069,0.85766,0.87375,0.74249,0.69848,0.55511,2.10244,0.00999655,0.00999655,0.00999655
350,2755.22,0.77924,0.58472,2.05241,0.76713,0.84883,0.86705,0.73688,0.70093,0.58191,2.10172,0.00999654,0.00999654,0.00999654
351,2762.13,0.81927,0.59011,1.99133,0.70806,0.82904,0.80705,0.6953,0.68884,0.60076,2.14774,0.00999654,0.00999654,0.00999654
352,2768.88,0.78613,0.57502,1.99034,0.74308,0.88497,0.87254,0.74389,0.66529,0.5827,2.10971,0.00999653,0.00999653,0.00999653
353,2775.71,0.77858,0.57524,1.98349,0.79178,0.84742,0.87933,0.75067,0.6823,0.56457,2.10559,0.00999652,0.00999652,0.00999652
354,2782.36,0.81108,0.57585,2.02476,0.69299,0.84727,0.82229,0.7153,0.66112,0.57548,2.12456,0.00999651,0.00999651,0.00999651
355,2789.23,0.80191,0.56836,1.98482,0.77141,0.86078,0.87194,0.74453,0.67639,0.56015,2.12077,0.0099965,0.0099965,0.0099965
356,2796.07,0.79306,0.58966,2.00642,0.77142,0.86234,0.88199,0.76395,0.63967,0.56173,2.10952,0.00999649,0.00999649,0.00999649
357,2802.77,0.78387,0.57672,2.03167,0.75705,0.81455,0.83741,0.73037,0.6482,0.57939,2.12776,0.00999648,0.00999648,0.00999648
358,2809.28,0.78692,0.57563,1.97235,0.80046,0.84396,0.88151,0.75564,0.6776,0.55468,2.115,0.00999647,0.00999647,0.00999647
359,2816.02,0.79972,0.56916,1.95633,0.77543,0.85382,0.8717,0.72491,0.72209,0.56717,2.13446,0.00999646,0.00999646,0.00999646
360,2822.45,0.84439,0.60283,2.00967,0.77722,0.85091,0.85744,0.73987,0.65135,0.54928,2.13151,0.00999645,0.00999645,0.00999645
361,2829.04,0.81569,0.59574,2.0077,0.73679,0.84778,0.85018,0.70805,0.7329,0.594,2.13552,0.00999644,0.00999644,0.00999644
362,2835.75,0.78406,0.58756,2.02075,0.73909,0.85506,0.84375,0.73031,0.64977,0.55557,2.12827,0.00999643,0.00999643,0.00999643
363,2842.42,0.83654,0.6131,2.04699,0.73335,0.83948,0.84233,0.72898,0.65015,0.55762,2.12686,0.00999642,0.00999642,0.00999642
364,2848.86,0.76106,0.57288,2.03038,0.73734,0.84364,0.84404,0.71693,0.7101,0.58673,2.15761,0.00999641,0.00999641,0.00999641
365,2855.81,0.81262,0.57234,1.98866,0.73656,0.87001,0.85566,0.73886,0.65178,0.55666,2.13558,0.0099964,0.0099964,0.0099964
366,2862.49,0.78071,0.58499,2.0146,0.72471,0.85714,0.85106,0.73528,0.65416,0.56094,2.14464,0.00999639,0.00999639,0.00999639
367,2869.34,0.79385,0.59122,2.00245,0.71695,0.81091,0.8295,0.70796,0.68637,0.58545,2.14356,0.00999638,0.00999638,0.00999638
368,2876.35,0.77982,0.58126,2.01605,0.72116,0.85714,0.83886,0.72789,0.64694,0.58669,2.14287,0.00999637,0.00999637,0.00999637
369,2883.52,0.79427,0.58794,1.99976,0.74297,0.81836,0.84555,0.72491,0.65296,0.59241,2.15692,0.00999636,0.00999636,0.00999636
370,2890.11,0.7789,0.57901,2.03496,0.70068,0.83666,0.82825,0.71163,0.68837,0.58251,2.11591,0.00999635,0.00999635,0.00999635
371,2896.81,0.80535,0.56696,2.00521,0.73143,0.85878,0.85781,0.73839,0.65245,0.56428,2.14318,0.00999634,0.00999634,0.00999634
372,2903.39,0.79983,0.5823,2.00982,0.75191,0.8423,0.86177,0.74247,0.6471,0.55939,2.14484,0.00999633,0.00999633,0.00999633
373,2909.99,0.81726,0.56366,1.97544,0.71475,0.78751,0.81543,0.7068,0.68617,0.57543,2.12115,0.00999632,0.00999632,0.00999632
374,2916.43,0.81702,0.57773,1.98303,0.75142,0.84484,0.86265,0.74173,0.67081,0.56171,2.13363,0.00999631,0.00999631,0.00999631
375,2923.18,0.76587,0.58154,2.00194,0.77753,0.81351,0.86954,0.75079,0.67977,0.58021,2.11877,0.0099963,0.0099963,0.0099963
376,2930.28,0.82557,0.58322,1.99481,0.74965,0.78442,0.83252,0.72344,0.65557,0.58585,2.12525,0.00999629,0.00999629,0.00999629
377,2937.11,0.78613,0.56787,2.03583,0.8035,0.83273,0.88188,0.75606,0.67967,0.56615,2.13583,0.00999628,0.00999628,0.00999628
378,2943.74,0.7636,0.55451,2.03034,0.77548,0.8379,0.86795,0.75645,0.63485,0.54927,2.11476,0.00999627,0.00999627,0.00999627
379,2950.52,0.7894,0.55803,2.03929,0.73797,0.87688,0.86411,0.74912,0.66649,0.54631,2.09769,0.00999626,0.00999626,0.00999626
380,2957.29,0.7769,0.55877,1.95691,0.77605,0.84967,0.87289,0.75512,0.66674,0.55605,2.13164,0.00999625,0.00999625,0.00999625
381,2963.85,0.78498,0.55931,1.98996,0.72987,0.8613,0.85638,0.7362,0.67537,0.54858,2.09366,0.00999624,0.00999624,0.00999624
382,2970.61,0.76187,0.54735,2.00776,0.76232,0.84052,0.86441,0.74255,0.6769,0.54661,2.09207,0.00999623,0.00999623,0.00999623
383,2977.32,0.79841,0.58563,1.97325,0.76905,0.84623,0.86318,0.73729,0.66287,0.56439,2.13751,0.00999622,0.00999622,0.00999622
384,2984.06,0.78421,0.5648,2.00087,0.76649,0.82909,0.85785,0.73612,0.67422,0.55719,2.10505,0.00999621,0.00999621,0.00999621
385,2991.01,0.80928,0.57229,2.02311,0.76742,0.8161,0.85028,0.73592,0.65671,0.54694,2.1001,0.0099962,0.0099962,0.0099962
386,2997.91,0.79997,0.57452,1.95998,0.7385,0.82009,0.84575,0.72577,0.67442,0.56375,2.12524,0.00999619,0.00999619,0.00999619
387,3004.75,0.78165,0.56013,1.94462,0.70722,0.85714,0.83841,0.7283,0.65474,0.55898,2.09263,0.00999618,0.00999618,0.00999618
388,3011.56,0.81523,0.57855,2.02097,0.74709,0.86393,0.86255,0.74814,0.66094,0.55939,2.08454,0.00999617,0.00999617,0.00999617
389,3018.2,0.78859,0.55278,1.95713,0.72568,0.82701,0.83132,0.70472,0.69746,0.56796,2.17039,0.00999616,0.00999616,0.00999616
390,3024.81,0.79037,0.55634,2.01337,0.75749,0.88052,0.87137,0.75377,0.66448,0.55456,2.08525,0.00999615,0.00999615,0.00999615
391,3031.46,0.78682,0.55871,2.0042,0.74406,0.86286,0.8645,0.74535,0.66892,0.53765,2.08501,0.00999614,0.00999614,0.00999614
392,3037.83,0.78393,0.55795,1.99452,0.75081,0.83013,0.84462,0.73166,0.65588,0.53886,2.13577,0.00999613,0.00999613,0.00999613
393,3044.23,0.80273,0.56802,2.00492,0.74776,0.84364,0.85634,0.74032,0.66552,0.54638,2.08492,0.00999612,0.00999612,0.00999612
394,3051.2,0.74962,0.54923,2.01791,0.77538,0.81351,0.85799,0.74381,0.65042,0.54411,2.12178,0.00999611,0.00999611,0.00999611
395,3058.12,0.79423,0.55123,1.9901,0.74146,0.80935,0.83555,0.73318,0.63623,0.54559,2.12521,0.0099961,0.0099961,0.0099961
396,3065.04,0.77365,0.5647,2.01823,0.75225,0.84208,0.85622,0.74432,0.66375,0.5402,2.08979,0.00999609,0.00999609,0.00999609
397,3071.7,0.77892,0.56581,1.97917,0.7334,0.84779,0.85023,0.73713,0.66662,0.55018,2.10277,0.00999608,0.00999608,0.00999608
398,3078.27,0.77908,0.57636,2.01334,0.72431,0.83429,0.83468,0.72966,0.65014,0.54786,2.09721,0.00999607,0.00999607,0.00999607
399,3085.1,0.77557,0.55741,2.00523,0.7372,0.84468,0.84557,0.72772,0.67173,0.54737,2.11016,0.00999606,0.00999606,0.00999606
400,3091.73,0.78505,0.57075,1.98865,0.72845,0.80987,0.82459,0.71773,0.663,0.55911,2.10649,0.00999605,0.00999605,0.00999605
401,3098.41,0.78761,0.57228,2.02231,0.74336,0.80208,0.83933,0.72738,0.68741,0.56248,2.09258,0.00999604,0.00999604,0.00999604
402,3105.33,0.78482,0.57048,2.00284,0.74006,0.81047,0.83174,0.71855,0.66491,0.57328,2.1047,0.00999603,0.00999603,0.00999603
403,3112.2,0.78446,0.5792,2.01164,0.73717,0.83049,0.8423,0.72738,0.66251,0.55229,2.10654,0.00999602,0.00999602,0.00999602
404,3119,0.79859,0.61073,1.96917,0.71714,0.84831,0.82745,0.72294,0.63522,0.57807,2.12055,0.00999601,0.00999601,0.00999601
405,3125.8,0.75457,0.56956,2.0293,0.69415,0.84064,0.82756,0.71149,0.6566,0.58839,2.11532,0.009996,0.009996,0.009996
406,3132.5,0.74265,0.56684,1.9798,0.71439,0.81351,0.80733,0.71174,0.6179,0.58288,2.11577,0.00999599,0.00999599,0.00999599
